"","date","total_entries","Male","Female","ages0_14","ages15_64","ages65_up","nationals_registered","Mainland","HK_Macao","nationals_unregistered","Foreigners"
"4","<U+516B><U+5341><U+4E00><U+5E74> 1992","6110016","3674608","2435408","324639","5349594","435783","4223951","12953","223386",NA,"1649726"
"5","<U+516B><U+5341><U+4E8C><U+5E74> 1993","6499997","3942898","2557099","351655","5707888","451162","4633444","18531","246794",NA,"1601228"
"6","<U+516B><U+5341><U+4E09><U+5E74> 1994","6878197","4210707","2667490","367705","6052439","458053","4727528","23884","270100",NA,"1856685"
"7","<U+516B><U+5341><U+56DB><U+5E74> 1995","7525556","4620511","2905045","410354","6617332","497870","5143789","42890","272544",NA,"2066333"
"8","<U+516B><U+5341><U+4E94><U+5E74>1996","8107670","4922498","3185172","447263","7112673","547734","5700514","58084","260533",NA,"2088539"
"9","<U+516B><U+5341><U+516D><U+5E74> 1997","8590511","5216375","3374136","485535","7518173","586803","6160016","75992","238862",NA,"2115641"
"10","<U+516B><U+5341><U+4E03><U+5E74> 1998","8286491","5091178","3195313","449969","7315809","520713","5909576","94061","251043",NA,"2031811"
"11","<U+516B><U+5341><U+516B><U+5E74>1999","9070567","5480579","3589988","498814","7984692","587061","6561807","110513","282594",NA,"2115653"
"12","<U+516B><U+5341><U+4E5D><U+5E74> 2000","10045994","6035503","4010491","531581","8870537","643876","7296673","119676","318975",NA,"2310670"
"13","<U+4E00> <U+6708>  Jan.","630434","398405","232029","24275","573346","32813","439532","11112","17807",NA,"161983"
"14","<U+4E8C> <U+6708>  Feb.","808833","462407","346426","77626","694405","36802","611318","8862","25396",NA,"163257"
"15","<U+4E09> <U+6708>  Mar.","737738","460940","276798","20877","666010","50851","504429","10727","23089",NA,"199493"
"16","<U+56DB> <U+6708>  Apr.","874986","521022","353964","42297","767262","65427","648546","9623","28594",NA,"188223"
"17","<U+4E94> <U+6708>  May","844946","514634","330312","22490","751651","70805","618693","9743","22816",NA,"193694"
"18","<U+516D> <U+6708>  June","880767","532363","348404","31703","789507","59557","644665","10126","29843",NA,"196133"
"19","<U+4E03> <U+6708>  July","990742","563025","427717","110306","830662","49774","761917","10077","26399",NA,"192349"
"20","<U+516B> <U+6708>  Aug.","965694","543646","422048","111416","812100","42178","734244","9848","29106",NA,"192496"
"21","<U+4E5D> <U+6708>  Sept.","855593","513054","342539","21962","772978","60653","622325","10336","30399",NA,"192533"
"22","<U+5341> <U+6708>  Oct.","876637","540991","335646","18321","785739","72577","616832","8870","30415",NA,"220520"
"23","<U+5341><U+4E00><U+6708>  Nov.","791725","499863","291862","17617","715455","58653","547503","9908","24539",NA,"209775"
"24","<U+5341><U+4E8C><U+6708>  Dec.","787899","485153","302746","32691","711422","43786","546669","10444","30572",NA,"200214"
"25","<U+4E5D> <U+5341><U+5E74> 2001","9893261","5947770","3945491","509816","8764045","619400","7092968","141687","366735",NA,"2291871"
"26","<U+4E00> <U+6708>  Jan.","794449","471774","322675","58445","699644","36360","582415","10377","24169",NA,"177488"
"27","<U+4E8C> <U+6708>  Feb.","753031","455099","297932","46575","665171","41285","506611","10432","24334",NA,"211654"
"28","<U+4E09> <U+6708>  Mar.","814128","508403","305725","22183","735667","56278","548079","13196","32903",NA,"219950"
"29","<U+56DB> <U+6708>  Apr.","895741","533342","362399","41254","785694","68793","647810","11053","34323",NA,"202555"
"30","<U+4E94> <U+6708>  May","865045","524828","340217","23162","772740","69143","624430","12052","25644",NA,"202919"
"31","<U+516D> <U+6708>  June","913251","545553","367698","33548","818296","61407","659714","12017","35692",NA,"205828"
"32","<U+4E03> <U+6708>  July","940691","539469","401222","95980","796875","47836","708176","12102","28342",NA,"192071"
"33","<U+516B> <U+6708>  Aug.","968372","546003","422369","102406","821127","44839","729779","12830","33652",NA,"192111"
"34","<U+4E5D> <U+6708>  Sept.","734575","452398","282177","17371","670830","46374","523824","11346","32539",NA,"166866"
"35","<U+5341> <U+6708>  Oct.","738510","455590","282920","19218","662754","56538","530636","11682","28073",NA,"168119"
"36","<U+5341><U+4E00><U+6708>  Nov.","717684","455026","262658","17600","649027","51057","506988","12497","30052",NA,"168147"
"37","<U+5341><U+4E8C><U+6708>  Dec.","757784","460285","297499","32074","686220","39490","524506","12103","37012",NA,"184163"
"38","<U+4E5D><U+5341><U+4E00><U+5E74>2002","10187925","6022475","4165450","523073","9012827","652025","7210233","165236","379864","78575","2354017"
"39","<U+4E00> <U+6708>  Jan.","700687","420929","279758","36374","625572","38741","483087","11878","22011","6118","177593"
"40","<U+4E8C> <U+6708>  Feb.","856848","482691","374157","79480","739941","37427","622952","11880","34858","7619","179539"
"41","<U+4E09> <U+6708>  Mar.","833379","503663","329716","25280","747622","60477","551857","14752","40000","7230","219540"
"42","<U+56DB> <U+6708>  Apr.","881754","525813","355941","27072","778987","75695","635995","14508","27008","6197","198046"
"43","<U+4E94> <U+6708>  May","866016","512652","353364","25164","770394","70458","622075","13363","30834","6892","192852"
"44","<U+516D> <U+6708>  June","825014","495001","330013","31811","741265","51938","583636","14769","26350","6444","193815"
"45","<U+4E03> <U+6708>  July","952947","539585","413362","97979","808172","46796","718351","14429","28984","7421","183762"
"46","<U+516B> <U+6708>  Aug.","984782","550024","434758","107555","834728","42499","738703","13676","37155","6101","189147"
"47","<U+4E5D> <U+6708>  Sept.","820450","492860","327590","19709","748135","52606","586837","14004","27439","2598","189572"
"48","<U+5341> <U+6708>  Oct.","867554","522249","345305","18903","776216","72435","609194","12709","32612","5352","207687"
"49","<U+5341><U+4E00><U+6708>  Nov.","789882","489715","300167","19136","712308","58438","534237","14090","32209","6747","202599"
"50","<U+5341><U+4E8C><U+6708>  Dec.","808612","487293","321319","34610","729487","44515","523309","15178","40404","9856","219865"
"51","<U+4E5D><U+5341><U+4E8C><U+5E74>2003","8138248","4863219","3275029","433293","7243553","461402","5890131","149176","267102","19805","1812034"
"52","<U+4E00> <U+6708>  Jan.","800782","490508","310274","46473","716621","37688","562751","14485","24392","2155","196999"
"53","<U+4E8C> <U+6708>  Feb.","783759","439491","344268","59495","684747","39517","523793","13200","38559","2152","206055"
"54","<U+4E09> <U+6708>  Mar.","779413","477963","301450","21448","707245","50720","521285","17047","29957","1932","209192"
"55","<U+56DB> <U+6708>  Apr.","367853","235340","132513","11505","335692","20656","257213","10694","12180","1243","86523"
"56","<U+4E94> <U+6708>  May","142638","87725","54913","3448","133792","5398","102382","3833","650","603","35170"
"57","<U+516D> <U+6708>  June","264960","159026","105934","11582","241664","11714","207829","5474","1911","923","48823"
"58","<U+4E03> <U+6708>  July","769515","442094","327421","78729","656981","33805","615341","10570","20189","1832","121583"
"59","<U+516B> <U+6708>  Aug.","929212","527343","401869","99570","788537","41105","728598","11022","29680","2105","157807"
"60","<U+4E5D> <U+6708>  Sept.","833034","506915","326119","21738","755944","55352","614440","14504","25781","1869","176440"
"61","<U+5341> <U+6708>  Oct.","863049","518704","344345","24669","772577","65803","639497","15063","25676","1615","181198"
"62","<U+5341><U+4E00><U+6708>  Nov.","811401","500854","310547","21934","731251","58216","570052","17002","25329","1537","197481"
"63","<U+5341><U+4E8C><U+6708>  Dec.","792632","477256","315376","32702","718502","41428","546950","16282","32798","1839","194763"
"64","<U+4E5D><U+5341><U+4E09><U+5E74>2004","10699122","6300580","4398542","588809","9462516","647797","7748780","153190","346209","22646","2428297"
"65","<U+4E00> <U+6708>  Jan.","860503","502810","357693","73807","752939","33757","647649","13560","26993","2091","170210"
"66","<U+4E8C> <U+6708>  Feb.","708913","423138","285775","39998","635904","33011","487893","15315","24278","2199","179228"
"67","<U+4E09> <U+6708>  Mar.","809912","494658","315254","23970","733796","52146","570337","12715","25918","1856","199086"
"68","<U+56DB> <U+6708>  Apr.","842204","508326","333878","29547","750997","61660","613143","11766","30016","1594","185685"
"69","<U+4E94> <U+6708>  May","824616","496835","327781","26359","740689","57568","592323","10779","25607","1644","194263"
"70","<U+516D> <U+6708>  June","937643","547951","389692","41765","835689","60189","678782","11558","35447","1951","209905"
"71","<U+4E03> <U+6708>  July","1055746","590500","465246","121650","879719","54377","812350","12475","30755","2264","197902"
"72","<U+516B> <U+6708>  Aug.","1072340","590988","481352","124743","899060","48537","818796","12907","35735","2044","202858"
"73","<U+4E5D> <U+6708>  Sept.","899128","534086","365042","22875","819603","56650","653213","11837","28713","1811","203554"
"74","<U+5341> <U+6708>  Oct.","929300","549963","379337","21908","831187","76205","662710","13130","29678","1703","222079"
"75","<U+5341><U+4E00><U+6708>  Nov.","872786","531347","341439","23281","784635","64870","602233","13816","23027","1492","232218"
"76","<U+5341><U+4E8C><U+6708>  Dec.","886031","529978","356053","38906","798298","48827","609351","13332","30042","1997","231309"
"77","<U+4E5D><U+5341><U+56DB><U+5E74>2005","11557175","6758467","4798708","628861","10206711","721603","8179057","200142","355443","24323","2798210"
"78","<U+4E00> <U+6708>  Jan.","791824","475957","315867","45517","703670","42637","547572","11576","18000","2126","212550"
"79","<U+4E8C> <U+6708>  Feb.","930991","531379","399612","82391","808761","39839","673651","12735","34158","2890","207557"
"80","<U+4E09> <U+6708>  Mar.","892384","539624","352760","30352","804086","57946","594102","14633","34328","2685","246636"
"81","<U+56DB> <U+6708>  Apr.","968000","576893","391107","32068","855786","80146","698487","14353","24881","1804","228475"
"82","<U+4E94> <U+6708>  May","966166","571633","394533","30623","858847","76696","682117","14594","31110","1620","236725"
"83","<U+516D> <U+6708>  June","995750","582391","413359","41600","884785","69365","702706","15296","31625","1853","244270"
"84","<U+4E03> <U+6708>  July","1133434","629985","503449","127429","949872","56133","865165","17280","31714","2235","217040"
"85","<U+516B> <U+6708>  Aug.","1109110","614820","494290","122243","938652","48215","827417","17134","35990","2061","226508"
"86","<U+4E5D> <U+6708>  Sept.","955678","561054","394624","23534","868787","63357","684978","18245","27177","2021","223257"
"87","<U+5341> <U+6708>  Oct.","1020257","597074","423183","27580","914515","78162","722803","18405","25122","1638","252289"
"88","<U+5341><U+4E00><U+6708>  Nov.","895288","541577","353711","25027","805511","64750","593011","22580","25946","1565","252186"
"89","<U+5341><U+4E8C><U+6708>  Dec.","898293","536080","362213","40497","813439","44357","587048","23311","35392","1825","250717"
"90","<U+4E5D><U+5341><U+4E94><U+5E74>2006","12148694","7014024","5134670","668002","10675857","804835","8628867","286608","354335","23255","2855629"
"91","<U+4E00> <U+6708>  Jan.","893161","540645","352516","62395","789178","41588","628814","19279","25932","1959","217177"
"92","<U+4E8C> <U+6708>  Feb.","963695","533907","429788","76482","835717","51496","677539","21117","28687","2150","234202"
"93","<U+4E09> <U+6708>  Mar.","960759","571640","389119","27931","858663","74165","651378","22083","27822","2004","257472"
"94","<U+56DB> <U+6708>  Apr.","1020864","598225","422639","39109","895663","86092","730821","26072","34812","1813","227346"
"95","<U+4E94> <U+6708>  May","980602","567439","413163","30895","869482","80225","697527","24524","29469","1659","227423"
"96","<U+516D> <U+6708>  June","1009466","584915","424551","45205","895622","68639","704339","23076","33361","2064","246626"
"97","<U+4E03> <U+6708>  July","1172463","642302","530161","137722","975264","59477","901613","24141","31308","2273","213128"
"98","<U+516B> <U+6708>  Aug.","1128834","622185","506649","123821","954757","50256","836273","24481","37292","2067","228721"
"99","<U+4E5D> <U+6708>  Sept.","981986","573669","408317","22218","891801","67967","707868","24771","26565","1768","221014"
"100","<U+5341> <U+6708>  Oct.","1077436","615085","462351","32120","957267","88049","775861","24421","22483","1837","252834"
"101","<U+5341><U+4E00><U+6708>  Nov.","970278","579790","390488","25789","864536","79953","651615","27782","22484","1548","266849"
"102","<U+5341><U+4E8C><U+6708>  Dec.","989150","584222","404928","44315","887907","56928","665219","24861","34120","2113","262837"
"103","<U+4E5D><U+5341><U+516D><U+5E74>2007","12639948","7208147","5431801","702602","11098858","838488","8923885","292618","411889","22741","2988815"
"104","<U+4E00> <U+6708>  Jan.","831893","489626","342267","37118","742512","52263","557695","19839","18548","1866","233945"
"105","<U+4E8C> <U+6708>  Feb.","1107611","620309","487302","114571","942701","50339","845812","22089","31006","1882","206822"
"106","<U+4E09> <U+6708>  Mar.","990278","574349","415929","34182","880432","75664","644983","25436","30217","2215","287427"
"107","<U+56DB> <U+6708>  Apr.","1088656","622552","466104","42115","958358","88183","772537","26108","42254","1900","245857"
"108","<U+4E94> <U+6708>  May","1011321","579538","431783","29938","895685","85698","717300","24890","32564","1650","234917"
"109","<U+516D> <U+6708>  June","1091444","624205","467239","48993","967965","74486","770768","24205","42152","2090","252229"
"110","<U+4E03> <U+6708>  July","1170989","647149","523840","130088","981587","59314","885914","25219","35394","2275","222187"
"111","<U+516B> <U+6708>  Aug.","1162311","635718","526593","127765","982208","52338","853830","26070","41859","1936","238616"
"112","<U+4E5D> <U+6708>  Sept.","1085201","619084","466117","31562","986087","67552","789607","23321","32254","1697","238322"
"113","<U+5341> <U+6708>  Oct.","1039188","592147","447041","28401","923705","87082","724669","24292","29913","1496","258818"
"114","<U+5341><U+4E00><U+6708>  Nov.","1026756","603021","423735","28481","913590","84685","690386","26301","31633","1614","276822"
"115","<U+5341><U+4E8C><U+6708>  Dec.","1034300","600449","433851","49388","924028","60884","670384","24848","44095","2120","292853"
"116","<U+4E5D><U+5341><U+4E03><U+5E74>2008","12297825","7001958","5295867","667148","10812279","818398","8452638","314914","540039","27698","2962536"
"117","<U+4E00> <U+6708>  Jan.","975039","560292","414747","64370","853856","56813","677597","21251","24831","2194","249166"
"118","<U+4E8C> <U+6708>  Feb.","1008047","561683","446364","82615","873684","51748","692913","24612","44647","2209","243666"
"119","<U+4E09> <U+6708>  Mar.","1033204","596863","436341","36433","917800","78971","691142","17575","48571","2285","273631"
"120","<U+56DB> <U+6708>  Apr.","1044985","603638","441347","32445","925079","87461","742166","19541","37534","1988","243756"
"121","<U+4E94> <U+6708>  May","1050415","596966","453449","32612","935262","82541","735715","21125","49230","1714","242631"
"122","<U+516D> <U+6708>  June","1043110","597742","445368","49255","926913","66942","702656","21154","59552","2077","257671"
"123","<U+4E03> <U+6708>  July","1143503","629862","513641","127991","959781","55731","836216","29321","50057","2430","225479"
"124","<U+516B> <U+6708>  Aug.","1099580","603012","496568","118599","932486","48495","787993","27739","56920","1937","224991"
"125","<U+4E5D> <U+6708>  Sept.","985702","567913","417789","25011","892950","67741","678300","31952","41064","1612","232774"
"126","<U+5341> <U+6708>  Oct.","1036006","592253","443753","25936","920801","89269","708968","33674","36985","2951","253428"
"127","<U+5341><U+4E00><U+6708>  Nov.","948511","558416","390095","27154","842486","78871","621287","33811","36902","2722","253789"
"128","<U+5341><U+4E8C><U+6708>  Dec.","929723","533318","396405","44727","831181","53815","577685","33159","53746","3579","261554"
"129","<U+4E5D><U+5341><U+516B><U+5E74>2009","12513288","6975669","5537619","652612","10946191","914485","8118284","953009","634121","37792","2770082"
"130","<U+4E00> <U+6708>  Jan.","994996","564345","430651","79942","864395","50659","718100","42630","41073","2996","190197"
"131","<U+4E8C> <U+6708>  Feb.","842801","458945","383856","53173","734799","54829","539499","41304","38535","2266","221197"
"132","<U+4E09> <U+6708>  Mar.","1021407","575241","446166","29630","895719","96058","626206","85731","51463","3083","254924"
"133","<U+56DB> <U+6708>  Apr.","1123921","618325","505596","39922","962831","121168","675435","129994","79487","2975","236030"
"134","<U+4E94> <U+6708>  May","1019722","564553","455169","30012","896814","92896","653347","109043","56771","2943","197618"
"135","<U+516D> <U+6708>  June","896740","516281","380459","40429","798672","57639","575357","55543","54580","3529","207731"
"136","<U+4E03> <U+6708>  July","1111171","608755","502416","113161","941803","56207","764453","68580","57833","4166","216139"
"137","<U+516B> <U+6708>  Aug.","1212262","641882","570380","129000","1023531","59731","844771","78822","64031","3302","221336"
"138","<U+4E5D> <U+6708>  Sept.","995336","568984","426352","22581","906164","66591","654691","63009","39614","2340","235682"
"139","<U+5341> <U+6708>  Oct.","1041660","589872","451788","30133","923830","87697","673448","76162","46221","2720","243109"
"140","<U+5341><U+4E00><U+6708>  Nov.","1114994","629777","485217","30623","985521","98850","704505","112337","41950","3704","252498"
"141","<U+5341><U+4E8C><U+6708>  Dec.","1138278","638709","499569","54006","1012112","72160","688472","89854","62563","3768","293621"
"142","<U+4E5D><U+5341><U+4E5D><U+5E74>2010","14980936","8169757","6811179","814136","13022571","1144229","9413659","1607569","700700","23531","3235477"
"143","<U+4E00> <U+6708>  Jan.","1023028","560036","462992","59956","895426","67646","677047","85507","31199","1836","227439"
"144","<U+4E8C> <U+6708>  Feb.","1288818","685665","603153","129865","1092070","66883","901675","106146","56203","1935","222859"
"145","<U+4E09> <U+6708>  Mar.","1199317","655294","544023","37959","1045045","116313","682805","148156","53956","2150","312250"
"146","<U+56DB> <U+6708>  Apr.","1240871","680351","560520","38882","1065702","136287","734471","179045","62402","2068","262885"
"147","<U+4E94> <U+6708>  May","1253969","689703","564266","35582","1093241","125146","748113","177843","60403","1905","265705"
"148","<U+516D> <U+6708>  June","1255978","687894","568084","54554","1103338","98086","785531","133511","70215","2265","264456"
"149","<U+4E03> <U+6708>  July","1380990","733848","647142","150311","1158254","72425","953227","127065","63897","2302","234499"
"150","<U+516B> <U+6708>  Aug.","1366110","721049","645061","149362","1155328","61420","923875","115882","72782","2010","251561"
"151","<U+4E5D> <U+6708>  Sept.","1210337","665397","544940","31511","1094221","84605","790948","103936","52287","1770","261396"
"152","<U+5341> <U+6708>  Oct.","1258117","692110","566007","30146","1110941","117030","772158","148209","52698","1712","283340"
"153","<U+5341><U+4E00><U+6708>  Nov.","1259641","703259","556382","35551","1104025","120065","730643","163275","52324","1483","311916"
"154","<U+5341><U+4E8C><U+6708>  Dec.","1243760","695151","548609","60457","1104980","78323","713166","118994","72334","2095","337171"
"155","<U+4E00><U+3007><U+3007><U+5E74>2011","15648884","8514700","7134184","818873","13689428","1140583","9561400","1755529","720722","22506","3588727"
"156","<U+4E00> <U+6708>  Jan.","1176022","668916","507106","75186","1033452","67384","775405","99568","36280","1936","262833"
"157","<U+4E8C> <U+6708>  Feb.","1110063","581645","528418","84742","955754","69567","656595","114057","59035","1942","278434"
"158","<U+4E09> <U+6708>  Mar.","1205734","670247","535487","33861","1060824","111049","687519","151764","51357","2045","313049"
"159","<U+56DB> <U+6708>  Apr.","1302696","717231","585465","48632","1130468","123596","752538","190598","76357","1927","281276"
"160","<U+4E94> <U+6708>  May","1245048","691463","553585","35906","1101748","107394","774577","148712","48883","1596","271280"
"161","<U+516D> <U+6708>  June","1318424","719396","599028","59509","1167584","91331","855784","111503","66557","2202","282378"
"162","<U+4E03> <U+6708>  July","1484058","783870","700188","158972","1250061","75025","1018402","133784","64908","2103","264861"
"163","<U+516B> <U+6708>  Aug.","1445060","756532","688528","148143","1229384","67533","938162","135866","72227","1849","296956"
"164","<U+4E5D> <U+6708>  Sept.","1301389","714256","587133","32599","1179156","89634","840395","120626","49338","1729","289301"
"165","<U+5341> <U+6708>  Oct.","1366708","737802","628906","38093","1206153","122462","836278","160655","53412","1714","314649"
"166","<U+5341><U+4E00><U+6708>  Nov.","1340776","739175","601601","37338","1179994","123444","721433","210798","57113","1456","349976"
"167","<U+5341><U+4E8C><U+6708>  Dec.","1352906","734167","618739","65892","1194850","92164","704312","177598","85255","2007","383734"
"168","<U+4E00><U+3007><U+4E00><U+5E74>2012","17491283","9275166","8216117","921693","15218854","1350736","10179813","2551532","906621","21682","3831635"
"169","<U+4E00> <U+6708>  Jan.","1369484","740603","628881","114478","1174860","80146","909420","137374","56345","2088","264257"
"170","<U+4E8C> <U+6708>  Feb.","1229414","641237","588177","65238","1074053","90123","704174","161501","49735","1771","312233"
"171","<U+4E09> <U+6708>  Mar.","1425899","766021","659878","40686","1244556","140657","732714","250545","72557","1798","368285"
"172","<U+56DB> <U+6708>  Apr.","1528530","806853","721677","53352","1314583","160595","837444","275276","98032","1890","315888"
"173","<U+4E94> <U+6708>  May","1435298","760841","674457","40459","1249414","145425","836200","226302","67109","1659","304028"
"174","<U+516D> <U+6708>  June","1472698","788595","684103","67002","1297211","108485","864920","196513","98458","2175","310632"
"175","<U+4E03> <U+6708>  July","1640018","843109","796909","177654","1376024","86340","1047569","232577","84422","2055","273395"
"176","<U+516B> <U+6708>  Aug.","1576297","806063","770234","167609","1331093","77595","969175","201896","94480","1852","308894"
"177","<U+4E5D> <U+6708>  Sept.","1432729","771906","660823","39072","1294340","99317","881828","183065","70089","1673","296074"
"178","<U+5341> <U+6708>  Oct.","1443983","763443","680540","38292","1272520","133171","833641","222087","62642","1526","324087"
"179","<U+5341><U+4E00><U+6708>  Nov.","1459821","791972","667849","45505","1282074","132242","788204","240155","65802","1333","364327"
"180","<U+5341><U+4E8C><U+6708>  Dec.","1477112","794523","682589","72346","1308126","96640","774524","224241","86950","1862","389535"
"181","<U+4E00><U+3007><U+4E8C><U+5E74>2013","19072276","9842931","9229345","1085878","16539929","1446469","11055996","2837470","1062417","20794","4095599"
"182","<U+4E00> <U+6708>  Jan.","1284017","673961","610056","80188","1119318","84511","756921","192772","48812","1373","284139"
"183","<U+4E8C> <U+6708>  Feb.","1489942","768801","721141","132686","1272192","85064","917786","213104","74809","1854","282389"
"184","<U+4E09> <U+6708>  Mar.","1599292","835315","763977","58677","1387847","152768","840059","266277","102239","2029","388688"
"185","<U+56DB> <U+6708>  Apr.","1607606","824345","783261","56834","1384731","166041","916105","294889","75026","1787","319799"
"186","<U+4E94> <U+6708>  May","1440235","754007","686228","45026","1266894","128315","822292","214353","86346","1583","315661"
"187","<U+516D> <U+6708>  June","1577448","823834","753614","80056","1387508","109884","939871","217610","113401","1839","304727"
"188","<U+4E03> <U+6708>  July","1733312","877774","855538","196328","1442652","94332","1098080","245991","97830","1874","289537"
"189","<U+516B> <U+6708>  Aug.","1733449","876582","856867","187466","1459576","86407","1046765","237359","111590","1763","335972"
"190","<U+4E5D> <U+6708>  Sept.","1683485","857757","825728","55085","1503095","125305","1009413","267688","76771","1681","327932"
"191","<U+5341> <U+6708>  Oct.","1649482","846523","802959","51765","1448184","149533","970454","218142","81732","1497","377657"
"192","<U+5341><U+4E00><U+6708>  Nov.","1621089","849849","771240","53926","1417848","149315","889659","233154","85380","1431","411465"
"193","<U+5341><U+4E8C><U+6708>  Dec.","1652919","854183","798736","87841","1450084","114994","848591","236131","108481","2083","457633"
"194","<U+4E00><U+3007><U+4E09><U+5E74>2014","21707379","10890247","10817132","1270039","18663204","1774136","11797175","3947610","1256365","19181","4687048"
"195","<U+4E00> <U+6708>  Jan.","1579767","832758","747009","122084","1357264","100419","912533","265748","64172","1576","335738"
"196","<U+4E8C> <U+6708>  Feb.","1571246","765038","806208","114600","1340461","116185","813067","302823","82866","1505","370985"
"197","<U+4E09> <U+6708>  Mar.","1786528","890691","895837","59120","1545379","182029","906130","358205","89181","1783","431229"
"198","<U+56DB> <U+6708>  Apr.","1872573","930444","942129","80248","1584939","207386","980698","373602","133811","1583","382879"
"199","<U+4E94> <U+6708>  May","1837986","922037","915949","64891","1585238","187857","1020251","330679","106419","1549","379088"
"200","<U+516D> <U+6708>  June","1847406","929856","917550","98822","1601298","147286","1041443","311738","123810","1759","368656"
"201","<U+4E03> <U+6708>  July","1987674","977392","1010282","237538","1636655","113481","1178973","340703","122834","1709","343455"
"202","<U+516B> <U+6708>  Aug.","1902097","944862","957235","212055","1592379","97663","1089581","309104","137821","1582","364009"
"203","<U+4E5D> <U+6708>  Sept.","1817893","918552","899341","58674","1618547","140672","1008331","338604","97553","1744","371661"
"204","<U+5341> <U+6708>  Oct.","1848023","921764","926259","63687","1611106","173230","1001396","344757","85525","1338","415007"
"205","<U+5341><U+4E00><U+6708>  Nov.","1809722","921938","887784","61476","1576663","171583","950715","329613","90241","1213","437940"
"206","<U+5341><U+4E8C><U+6708>  Dec.","1846464","934915","911549","96844","1613275","136345","894057","342034","122132","1840","486401"
"207","<U+4E00><U+3007><U+56DB><U+5E74>2015","23601215","11663849","11937366","1457170","20245223","1898822","13161430","4143836","1393704","19198","4883047"
"208","<U+4E00> <U+6708>  Jan.","1605783","799658","806125","83769","1399580","122434","853512","318899","65723","1328","366321"
"209","<U+4E8C> <U+6708>  Feb.","1927363","956049","971314","207794","1605175","114394","1110180","402353","87861","1522","325447"
"210","<U+4E09> <U+6708>  Mar.","1861525","925587","935938","75873","1614203","171449","999933","276587","104955","2032","478018"
"211","<U+56DB> <U+6708>  Apr.","2029132","999702","1029430","90227","1728652","210253","1141121","355447","134809","1594","396161"
"212","<U+4E94> <U+6708>  May","2001152","985936","1015216","75448","1722048","203656","1134772","369675","115061","1432","380212"
"213","<U+516D> <U+6708>  June","1943803","969019","974784","103055","1680886","159862","1143656","304590","130399","1501","363657"
"214","<U+4E03> <U+6708>  July","2064805","1016665","1048140","244741","1700314","119750","1231566","349533","132449","1682","349575"
"215","<U+516B> <U+6708>  Aug.","2106316","1025965","1080351","242877","1752215","111224","1212058","364298","151286","1541","377133"
"216","<U+4E5D> <U+6708>  Sept.","1945980","963212","982768","70937","1729791","145252","1108606","341991","109077","1645","384661"
"217","<U+5341> <U+6708>  Oct.","2057884","1005806","1052078","75967","1789773","192144","1130934","383585","103807","1619","437939"
"218","<U+5341><U+4E00><U+6708>  Nov.","2011493","997524","1013969","70183","1745782","195528","1072010","354620","107622","1324","475917"
"219","<U+5341><U+4E8C><U+6708>  Dec.","2045979","1018726","1027253","116299","1776804","152876","1023082","322258","150655","1978","548006"
"220","<U+4E00><U+3007><U+4E94><U+5E74>2016","25227784","12334022","12893762","1651701","21572532","2003551","14537505","3472673","1494578","20008","5703020"
"221","<U+4E00> <U+6708>  Jan.","1938264","949054","989210","144700","1648917","144647","1072334","363678","85250","1499","415503"
"222","<U+4E8C> <U+6708>  Feb.","2127844","1024480","1103364","195660","1797339","134845","1207689","401922","105871","1651","410711"
"223","<U+4E09> <U+6708>  Mar.","2112178","1030033","1082145","93135","1811912","207131","1077448","360326","152703","1922","519779"
"224","<U+56DB> <U+6708>  Apr.","2150775","1046499","1104276","93874","1838612","218289","1240452","372774","102750","1689","433110"
"225","<U+4E94> <U+6708>  May","2095101","1023137","1071964","87516","1797926","209659","1212536","324384","115881","1444","440856"
"226","<U+516D> <U+6708>  June","2128316","1038655","1089661","129115","1833287","165914","1310516","268177","133199","1706","414718"
"227","<U+4E03> <U+6708>  July","2252273","1093817","1158456","279604","1843282","129387","1403404","296775","140572","1749","409773"
"228","<U+516B> <U+6708>  Aug.","2168502","1059365","1109137","249924","1803478","115100","1304962","245288","153645","1688","462919"
"229","<U+4E5D> <U+6708>  Sept.","2033913","997916","1035997","82780","1798813","152320","1261672","211838","109549","1714","449140"
"230","<U+5341> <U+6708>  Oct.","2076238","1016274","1059964","85625","1800574","190039","1230367","211823","115413","1499","517136"
"231","<U+5341><U+4E00><U+6708>  Nov.","2017273","1000861","1016412","78736","1750781","187756","1126116","199631","115555","1426","574545"
"232","<U+5341><U+4E8C><U+6708>  Dec.","2127107","1053931","1073176","131032","1847611","148464","1090009","216057","164190","2021","654830"
"233","<U+4E00><U+3007><U+516D><U+5E74>2017","26396941","12872230","13524711","1791388","22437483","2168070","15657340","2695721","1570182","20760","6452938"
"234","<U+4E00> <U+6708>  Jan.","2004645","1003766","1000879","165352","1704475","134818","1179846","251964","101877","1593","469365"
"235","<U+4E8C> <U+6708>  Feb.","1998124","945853","1052271","158437","1703270","136417","1210613","200384","98594","1709","486824"
"236","<U+4E09> <U+6708>  Mar.","2149516","1060769","1088747","91842","1857336","200338","1222869","198525","113855","1798","612469"
"237","<U+56DB> <U+6708>  Apr.","2265577","1098076","1167501","137801","1908883","218893","1338764","210142","176701","1849","538121"
"238","<U+4E94> <U+6708>  May","2169279","1062564","1106715","108418","1856570","204291","1347112","199101","119238","1538","502290"
"239","<U+516D> <U+6708>  June","2193481","1068143","1125338","133286","1868018","192177","1357550","186246","138576","1707","509402"
"240","<U+4E03> <U+6708>  July","2319534","1127431","1192103","285207","1888419","145908","1486430","234322","147143","1891","449748"
"241","<U+516B> <U+6708>  Aug.","2319620","1126266","1193354","279424","1903438","136758","1410239","246960","167590","1763","493068"
"242","<U+4E5D> <U+6708>  Sept.","2065887","1022714","1043173","77897","1824937","163053","1245784","222055","112275","1570","484203"
"243","<U+5341> <U+6708>  Oct.","2319110","1108747","1210363","115751","1987094","216265","1391813","261020","106929","1718","557630"
"244","<U+5341><U+4E00><U+6708>  Nov.","2277595","1111769","1165826","92569","1944577","240449","1263958","241151","123674","1502","647310"
"245","<U+5341><U+4E8C><U+6708>  Dec.","2314573","1136132","1178441","145404","1990466","178703","1202362","243851","163730","2122","702508"
"246","<U+4E00><U+3007><U+4E03><U+5E74>2018","27623223","13436842","14186381","1915982","23375777","2331464","16556516","2661977","1538014","20901","6845815"
"247","<U+4E00> <U+6708>  Jan.","1990610","964892","1025718","125997","1704769","159844","1118316","216401","97431","1507","556955"
"248","<U+4E8C> <U+6708>  Feb.","2250304","1096064","1154240","239597","1869651","141056","1399542","286653","101343","1738","461028"
"249","<U+4E09> <U+6708>  Mar.","2324285","1130687","1193598","118377","1985423","220485","1310630","189553","141915","2089","680098"
"250","<U+56DB> <U+6708>  Apr.","2420343","1164983","1255360","136204","2038716","245423","1537271","224550","113041","1773","543708"
"251","<U+4E94> <U+6708>  May","2252719","1091709","1161010","108303","1916254","228162","1410478","189155","114191","1615","537280"
"252","<U+516D> <U+6708>  June","2317111","1137456","1179655","147218","1973864","196029","1459533","191135","137677","1691","527075"
"253","<U+4E03> <U+6708>  July","2445849","1186444","1259405","306029","1983667","156153","1592497","222225","151788","1697","477642"
"254","<U+516B> <U+6708>  Aug.","2445316","1188096","1257220","296619","2004916","143781","1492064","253938","178849","1743","518722"
"255","<U+4E5D> <U+6708>  Sept.","2187054","1073141","1113913","90450","1918232","178372","1350460","215143","111928","1762","507761"
"256","<U+5341> <U+6708>  Oct.","2298588","1108347","1190241","101950","1964803","231835","1338814","239366","110173","1581","608654"
"257","<U+5341><U+4E00><U+6708>  Nov.","2314715","1133113","1181602","95100","1978512","241103","1295694","205223","123917","1563","688318"
"258","<U+5341><U+4E8C><U+6708>  Dec.","2376329","1161910","1214419","150138","2036970","189221","1251217","228635","155761","2142","738574"
"259","<U+4E00><U+3007><U+516B><U+5E74>2019","29033313","13963282","15070031","2059946","24352900","2620467","17169208","2683093","1641333","21411","7518268"
"260","<U+4E00> <U+6708>  Jan.","2239963","1099848","1140115","182333","1888014","169616","1372252","236919","92504","1743","536545"
"261","<U+4E8C> <U+6708>  Feb.","2268437","1074678","1193759","202791","1894223","171423","1312235","280871","111489","1868","561974"
"262","<U+4E09> <U+6708>  Mar.","2535254","1218312","1316942","125010","2143561","266683","1455756","267596","117104","1761","693037"
"263","<U+56DB> <U+6708>  Apr.","2569051","1218803","1350248","154534","2131512","283005","1467658","304305","171509","1902","623677"
"264","<U+4E94> <U+6708>  May","2451075","1181351","1269724","115119","2061884","274072","1411317","313432","129604","1683","595039"
"265","<U+516D> <U+6708>  June","2432790","1163992","1268798","158021","2055096","219673","1500093","258324","140794","1815","531764"
"266","<U+4E03> <U+6708>  July","2620130","1249308","1370822","337881","2102063","180186","1631365","319605","159146","1871","508143"
"267","<U+516B> <U+6708>  Aug.","2531698","1218266","1313432","315446","2058922","157330","1500761","280644","177658","1778","570857"
"268","<U+4E5D> <U+6708>  Sept.","2209661","1081053","1128608","90830","1922648","196183","1415246","113556","110306","1589","568964"
"269","<U+5341> <U+6708>  Oct.","2418243","1152012","1266231","115945","2059928","242370","1479112","112186","116932","1617","708396"
"270","<U+5341><U+4E00><U+6708>  Nov.","2348254","1136889","1211365","99543","1993202","255509","1357857","94720","131352","1526","762799"
"271","<U+5341><U+4E8C><U+6708>  Dec.","2408757","1168770","1239987","162493","2041847","204417","1265556","100935","182935","2258","857073"
"272","<U+4E00><U+3007><U+4E5D><U+5E74>2020","3980796","1975214","2005582","325233","3366503","289060","2602935","107531","167266","6743","1096321"
"273","<U+4E00> <U+6708>  Jan.","2262692","1121361","1141331","191399","1889910","181383","1449722","88165","136457","1842","586506"
"274","<U+4E8C> <U+6708>  Feb.","1136655","531091","605564","110143","956479","70033","779298","5167","21140","1152","329898"
"275","<U+4E09> <U+6708>  Mar.","216002","109518","106484","7276","194770","13956","137743","1297","115","424","76423"
"276","<U+56DB> <U+6708>  Apr.","22822","11595","11227","934","20598","1290","20263","476","63","103","1917"
"277","<U+4E94> <U+6708>  May","22824","11957","10867","1077","20189","1558","19574","581","80","144","2445"
"278","<U+516D> <U+6708>  June","32102","18374","13728","1916","27990","2196","24611","761","172","233","6325"
"279","<U+4E03> <U+6708>  July","41353","23642","17711","2994","35822","2537","29605","906","1765","395","8682"
"280","<U+516B> <U+6708>  Aug.","47480","27048","20432","2705","41843","2932","28944","1392","2693","469","13982"
"281","<U+4E5D> <U+6708>  Sept.","53099","31898","21201","1438","48403","3258","29579","4590","2501","403","16026"
"282","<U+5341> <U+6708>  Oct.","42863","25432","17431","1304","38459","3100","23881","1810","841","422","15909"
"283","<U+5341><U+4E00><U+6708>  Nov.","53238","30953","22285","2133","46729","4376","32061","1199","807","664","18507"
"284","<U+5341><U+4E8C><U+6708>  Dec.","49666","32345","17321","1914","45311","2441","27654","1187","632","492","19701"
"285","<U+4E00><U+4E00><U+3007><U+5E74>2021","419707","258308","161399","17794","370971","30942","289220","11871","10159","3512","104945"
"286","<U+4E00> <U+6708>  Jan.","77963","53400","24563","2468","70918","4577","63169","1421","635","559","12179"
"287","<U+4E8C> <U+6708>  Feb.","23081","14824","8257","784","21175","1122","10407","564","597","180","11333"
"288","<U+4E09> <U+6708>  Mar.","36313","22882","13431","1177","32794","2342","17907","1273","773","269","16091"
"289","<U+56DB> <U+6708>  Apr.","38647","24607","14040","1324","34107","3216","20804","956","671","331","15885"
"290","<U+4E94> <U+6708>  May","31279","19679","11600","1421","27585","2273","20560","674","503","380","9162"
"291","<U+516D> <U+6708>  June","19206","11732","7474","1214","16970","1022","16427","283","327","304","1865"
"292","<U+4E03> <U+6708>  July","28409","17262","11147","2092","24446","1871","22929","518","624","256","4082"
"293","<U+516B> <U+6708>  Aug.","38964","21982","16982","3007","33091","2866","31004","1147","913","262","5638"
"294","<U+4E5D> <U+6708>  Sept.","41424","23424","18000","1444","36335","3645","29160","2185","2880","292","6907"
"295","<U+5341> <U+6708>  Oct.","41467","23106","18361","1255","36328","3884","27360","1605","1683","291","10528"
"296","<U+5341><U+4E00><U+6708>  Nov.","42954","25410","17544","1608","37222","4124","29493","1245","553","388","11275"
